MissingRate,F1_Score,Accuracy
0.05,0.8848671138405818,0.885
0.1,0.8698982894985399,0.8699999999999999
0.3,0.8408293426364667,0.841
0.5,0.8079037210461852,0.8079999999999998
0.7,0.7231699361161164,0.724
0.9,0.5894067948208187,0.59
