MissingRate,F1_Score,Accuracy
0.05,0.8868901199123732,0.8870000000000001
0.1,0.8758725679239134,0.876
0.3,0.855910587945392,0.8560000000000001
0.5,0.7735322953712236,0.774
0.7,0.707627139046092,0.708
0.9,0.5714727854042805,0.5740000000000001
