MissingRate,F1_Score,Accuracy
0.05,0.8969211304713409,0.897
0.1,0.886950931384057,0.8870000000000001
0.3,0.8236733648430178,0.8240000000000001
0.5,0.7507065808206,0.751
0.7,0.6820164159833563,0.683
0.9,0.5608097558180025,0.5630000000000001
