MissingRate,F1_Score,Accuracy
0.05,0.8919227184832421,0.892
0.1,0.8788292821968783,0.8789999999999999
0.3,0.8208632902782232,0.8210000000000001
0.5,0.7617697885528629,0.7619999999999999
0.7,0.6907842692535545,0.691
0.9,0.5668336562707155,0.5690000000000001
