MissingRate,F1_Score,Accuracy
,0.4392712538615987,0.6024858757062146
