MissingRate,F1_Score,Accuracy
0.05,0.4077259564603364,0.5990960451977401
0.1,0.3721217981926155,0.5720903954802259
0.3,0.34392368523320904,0.5519774011299436
0.5,0.29328078450879824,0.48163841807909613
0.7,0.1861592095007443,0.363728813559322
0.9,0.08967543641102024,0.25242937853107345
