MissingRate,F1_Score,Accuracy
0.05,0.4361159408894343,0.5689830508474576
0.1,0.3597849974526684,0.5551977401129944
0.3,0.28912363047147965,0.4745197740112994
0.5,0.2665535704119295,0.42384180790960446
0.7,0.1903151121715676,0.350225988700565
0.9,0.1234143996715571,0.29282485875706216
