MissingRate,F1_Score,Accuracy
0.05,0.5068438003220611,0.51
0.1,0.5075871771681238,0.51
0.3,0.49214330609679446,0.495
0.5,0.5114703734481629,0.515
0.7,0.4691506410256411,0.47
0.9,0.4645247657295849,0.48
