MissingRate,F1_Score,Accuracy
0.05,0.8747268703655842,0.875
0.1,0.8698496710820203,0.8699999999999999
0.3,0.7940095517406919,0.795
0.5,0.751579510529939,0.7550000000000001
0.7,0.6847527354972798,0.685
0.9,0.42447064407488255,0.45
