MissingRate,F1_Score,Accuracy
0.05,0.8695905121835802,0.8699999999999999
0.1,0.8798685268518387,0.8799999999999999
0.3,0.799668025598706,0.8
0.5,0.7693280965215765,0.7700000000000001
0.7,0.728826076694841,0.7300000000000001
0.9,0.5795221285806392,0.595
