MissingRate,F1_Score,Accuracy
0.05,0.9561257845572818,0.9563636363636363
0.1,0.9523142409217638,0.9527272727272728
0.3,0.8684103429094139,0.8690909090909091
0.5,0.6672728915469547,0.6690909090909091
0.7,0.6341320337093397,0.6472727272727272
0.9,0.4367040008580701,0.5309090909090909
