MissingRate,F1_Score,Accuracy
0.05,0.9671758141129304,0.9672727272727272
0.1,0.9414322871382425,0.9418181818181818
0.3,0.857887425262955,0.8581818181818182
0.5,0.7710762655970168,0.7745454545454544
0.7,0.6111983607530592,0.6145454545454545
0.9,0.48598805489216446,0.5672727272727273
