MissingRate,F1_Score,Accuracy
,0.6975757575757575,0.736111111111111
