MissingRate,F1_Score,Accuracy
0.05,0.7642424242424243,0.7861111111111111
0.1,0.8042424242424243,0.836111111111111
0.3,0.6968398268398268,0.7388888888888889
0.5,0.6655844155844155,0.7388888888888889
0.7,0.4507725607725607,0.5888888888888889
0.9,0.5259673659673659,0.6166666666666666
