MissingRate,F1_Score,Accuracy
0.05,0.7266666666666668,0.7611111111111111
0.1,0.6724342324342325,0.736111111111111
0.3,0.7598834498834499,0.8083333333333332
0.5,0.6271794871794871,0.7138888888888889
0.7,0.7268065268065269,0.7861111111111111
0.9,0.5319413919413919,0.6694444444444445
