MissingRate,F1_Score,Accuracy
,0.8800348364078229,0.8807692307692306
