MissingRate,F1_Score,Accuracy
,0.5269955345732285,0.5346153846153846
