MissingRate,F1_Score,Accuracy
,0.8121313974343549,0.8153846153846154
