MissingRate,F1_Score,Accuracy
,0.8685381308520663,0.8692307692307691
