MissingRate,F1_Score,Accuracy
0.05,0.9524891062897206,0.9527272727272728
0.1,0.9268094229076812,0.9272727272727274
0.3,0.9305036322165098,0.9309090909090909
