MissingRate,F1_Score,Accuracy
0.05,0.933619184984414,0.9345454545454543
0.1,0.9268544742219353,0.9272727272727271
0.3,0.9268522712652111,0.9272727272727271
