MissingRate,F1_Score,Accuracy
0.05,0.9525452619916805,0.9527272727272728
0.1,0.9378153401113647,0.9381818181818182
0.3,0.9047696699836238,0.9054545454545455
