MissingRate,F1_Score,Accuracy
0.05,0.5644854340506515,0.5672727272727273
0.1,0.5480810008481765,0.5490909090909091
0.3,0.5090782426960422,0.5527272727272727
