MissingRate,F1_Score,Accuracy
0.05,0.9560369428490786,0.9563636363636364
0.1,0.9450020535716958,0.9454545454545455
0.3,0.8425775653560521,0.8436363636363635
0.5,0.7121317758328628,0.7163636363636364
0.7,0.6718233870889901,0.6836363636363636
0.9,0.5593857988904428,0.6181818181818182
