MissingRate,F1_Score,Accuracy
0.05,0.8948425310738599,0.8950000000000001
0.1,0.8868864728178844,0.8870000000000001
0.3,0.8546105249469663,0.8549999999999999
