MissingRate,F1_Score,Accuracy
0.05,0.5112943089821703,0.512
0.1,0.5081732392151206,0.509
0.3,0.5079035490956227,0.508
