MissingRate,F1_Score,Accuracy
0.05,0.7605807724774762,0.761
0.1,0.8199357630732964,0.82
0.3,0.8265879403166589,0.827
