MissingRate,F1_Score,Accuracy
0.05,0.5013975976429704,0.505
0.1,0.511470373448163,0.515
0.3,0.524036173250833,0.525
