MissingRate,F1_Score,Accuracy
0.05,0.8898120535861229,0.89
0.1,0.8748277824015949,0.875
0.3,0.8749218261413383,0.875
