MissingRate,F1_Score,Accuracy
0.05,0.8747335022225311,0.875
0.1,0.8999499687304567,0.9
0.3,0.8545827483344276,0.8549999999999999
