MissingRate,F1_Score,Accuracy
0.05,0.834833989288418,0.835
0.1,0.8498434171733275,0.85
0.3,0.8448653998974922,0.845
