MissingRate,F1_Score,Accuracy
0.05,0.8868487227613582,0.8870000000000001
0.1,0.8839317093960226,0.884
0.3,0.8558065333697948,0.8559999999999999
0.5,0.812677640183305,0.813
0.7,0.7076096139556773,0.708
0.9,0.577122866468801,0.579
