MissingRate,F1_Score,Accuracy
0.05,0.901920927757506,0.9019999999999999
0.1,0.9079116900787142,0.908
0.3,0.8699281795507796,0.8699999999999999
