MissingRate,F1_Score,Accuracy
0.05,0.8919218017800177,0.8920000000000001
0.1,0.8789053570897645,0.8789999999999999
0.3,0.8837782918421893,0.8840000000000001
