MissingRate,F1_Score,Accuracy
0.05,0.8688859910513884,0.869
0.1,0.8617739243673064,0.8619999999999999
0.3,0.8718562547805433,0.8720000000000001
