MissingRate,F1_Score,Accuracy
0.05,0.8969243008590411,0.897
0.1,0.8918867009502984,0.892
0.3,0.8558870337105351,0.8560000000000001
