MissingRate,F1_Score,Accuracy
0.05,0.4649951849566646,0.465
0.1,0.4629865746643666,0.463
0.3,0.48897495977302885,0.489
