MissingRate,F1_Score,Accuracy
,0.4757142857142857,0.9073593073593074
