MissingRate,F1_Score,Accuracy
,0.8262839941663866,0.8535991140642304
