MissingRate,F1_Score,Accuracy
0.05,0.8157339019845761,0.8438538205980066
0.1,0.8058263775737986,0.8345514950166113
0.3,0.8061065335343773,0.83421926910299
0.5,0.7906425168657781,0.8248062015503876
0.7,0.6917850753888424,0.7535991140642304
0.9,0.5517040576960291,0.5926910299003322
