MissingRate,F1_Score,Accuracy
0.05,0.8008854871014581,0.8299003322259135
0.1,0.8267607668955028,0.8533776301218163
0.3,0.799920261093375,0.8343300110741971
0.5,0.7156130044177695,0.7634551495016612
0.7,0.7401878427048629,0.777297895902547
0.9,0.609520666493496,0.6823920265780731
